snapshot_date,fetched_at,person_key,name,tg,competition,comp_type,team_id,team_name,jersey,position,g,a,gp
2026-07-17,2026-07-17T18:05:03,31581539,Bryan Staniszewski,10350019,Premier,league,10350976-10350019,SoHo FC,26,GK,0,0,0
2026-07-17,2026-07-17T18:05:03,10816949,G Sengbusch,10350019,Premier,league,10350976-10350019,SoHo FC,11,M,0,0,0
2026-07-17,2026-07-17T18:05:03,10816950,Jay Manno,10350019,Premier,league,10350976-10350019,SoHo FC,17,M,0,0,0
2026-07-17,2026-07-17T18:05:03,10817031,Mookie Ballok,10350019,Premier,league,10350976-10350019,SoHo FC,,D,0,0,0
2026-07-17,2026-07-17T18:05:03,10817032,Matt Mahaffey,10350019,Premier,league,10350976-10350019,SoHo FC,,F,0,0,0
2026-07-17,2026-07-17T18:05:03,10817033,Tommy Huebsch,10350019,Premier,league,10350976-10350019,SoHo FC,,F,0,0,0
2026-07-17,2026-07-17T18:05:03,10817034,Chunks Cwiklinski,10350019,Premier,league,10350976-10350019,SoHo FC,,F,0,0,0
2026-07-17,2026-07-17T18:05:03,10817035,Butch Butcher,10350019,Premier,league,10350976-10350019,SoHo FC,,M,0,0,0
2026-07-17,2026-07-17T18:05:03,10817036,Tank Butcher,10350019,Premier,league,10350976-10350019,SoHo FC,13,D,0,0,0
2026-07-17,2026-07-17T18:05:03,10817037,Tom Stefanucci,10350019,Premier,league,10350976-10350019,SoHo FC,20,M,0,0,0
2026-07-17,2026-07-17T18:05:03,10817038,Devin Piscitelli,10350019,Premier,league,10350976-10350019,SoHo FC,,M,0,0,0
2026-07-17,2026-07-17T18:05:03,10817039,Scott Gentner,10350019,Premier,league,10350976-10350019,SoHo FC,,M,0,0,0
2026-07-17,2026-07-17T18:05:03,10817040,Dave Hogan,10350019,Premier,league,10350976-10350019,SoHo FC,,D,0,0,0
2026-07-17,2026-07-17T18:05:03,10817041,Matt Romano,10350019,Premier,league,10350976-10350019,SoHo FC,,D,0,0,0
2026-07-17,2026-07-17T18:05:03,10817042,Mike Silverstein,10350019,Premier,league,10350976-10350019,SoHo FC,,M,0,0,0
2026-07-17,2026-07-17T18:05:03,10817043,Sully Sullivan,10350019,Premier,league,10350976-10350019,SoHo FC,,D,0,0,0
2026-07-17,2026-07-17T18:05:03,10817044,chuck Woods,10350019,Premier,league,10350976-10350019,SoHo FC,,M,0,0,0
2026-07-17,2026-07-17T18:05:03,10817045,Andrew Larracuente,10350019,Premier,league,10350976-10350019,SoHo FC,,M,0,0,0
2026-07-17,2026-07-17T18:05:03,10817046,Brian Benson,10350019,Premier,league,10350976-10350019,SoHo FC,,D,0,0,0
2026-07-17,2026-07-17T18:05:03,10817047,Kevin Brenner,10350019,Premier,league,10350976-10350019,SoHo FC,,D,0,0,0
2026-07-17,2026-07-17T18:05:03,10817048,Tim Silverstein,10350019,Premier,league,10350976-10350019,SoHo FC,,F,0,0,0
2026-07-17,2026-07-17T18:05:03,10817049,Marc Konistich,10350019,Premier,league,10350976-10350019,SoHo FC,,M,0,0,0
2026-07-17,2026-07-17T18:05:03,10853725,Craig Yanni,10350019,Premier,league,10350985-10350019,Lazio Stallions,1,,0,0,0
2026-07-17,2026-07-17T18:05:03,10853726,Mich Mendez,10350019,Premier,league,10350985-10350019,Lazio Stallions,2,,0,0,0
2026-07-17,2026-07-17T18:05:03,15864319,Matt Contino,10350019,Premier,league,10350985-10350019,Lazio Stallions,3,,0,0,0
2026-07-17,2026-07-17T18:05:03,10853728,Mike Gabor,10350019,Premier,league,10350985-10350019,Lazio Stallions,4,,0,0,0
2026-07-17,2026-07-17T18:05:03,10853729,Matt Smith,10350019,Premier,league,10350985-10350019,Lazio Stallions,5,,0,0,0
2026-07-17,2026-07-17T18:05:03,10853730,The Doctor Jonmaire,10350019,Premier,league,10350985-10350019,Lazio Stallions,6,,0,0,0
2026-07-17,2026-07-17T18:05:03,10853731,John Decarlo,10350019,Premier,league,10350985-10350019,Lazio Stallions,7,,0,0,0
2026-07-17,2026-07-17T18:05:03,10853732,Patrick Occhiuto,10350019,Premier,league,10350985-10350019,Lazio Stallions,8,,0,0,0
2026-07-17,2026-07-17T18:05:03,10853733,Eric Fisher,10350019,Premier,league,10350985-10350019,Lazio Stallions,9,,0,0,0
2026-07-17,2026-07-17T18:05:03,10853734,Seth Calleri,10350019,Premier,league,10350985-10350019,Lazio Stallions,10,,0,0,0
2026-07-17,2026-07-17T18:05:03,10853735,Duffy Dunnigan,10350019,Premier,league,10350985-10350019,Lazio Stallions,11,,0,0,0
2026-07-17,2026-07-17T18:05:03,15864323,Chris Fedele,10350019,Premier,league,10350985-10350019,Lazio Stallions,12,,0,0,0
2026-07-17,2026-07-17T18:05:03,10853737,Joe Walter,10350019,Premier,league,10350985-10350019,Lazio Stallions,22,,0,0,0
2026-07-17,2026-07-17T18:05:03,10853738,Dan Fountain,10350019,Premier,league,10350985-10350019,Lazio Stallions,14,,0,0,0
2026-07-17,2026-07-17T18:05:03,10853739,Mike Rhodes,10350019,Premier,league,10350985-10350019,Lazio Stallions,15,,0,0,0
2026-07-17,2026-07-17T18:05:03,10853740,Joseph Titus,10350019,Premier,league,10350985-10350019,Lazio Stallions,16,,0,0,0
2026-07-17,2026-07-17T18:05:03,10853741,Mike Schiappa,10350019,Premier,league,10350985-10350019,Lazio Stallions,17,,0,0,0
2026-07-17,2026-07-17T18:05:03,10853742,Ricky Martinez,10350019,Premier,league,10350985-10350019,Lazio Stallions,19,,0,0,0
2026-07-17,2026-07-17T18:05:03,10853743,Tomas Callocchia,10350019,Premier,league,10350985-10350019,Lazio Stallions,23,,0,0,0
2026-07-17,2026-07-17T18:05:03,10966242,Dave Baker,10350019,Premier,league,10350994-10350019,Inter,20,F,0,0,0
2026-07-17,2026-07-17T18:05:03,10966243,Matt Barletta,10350019,Premier,league,10350994-10350019,Inter,3,D,0,0,0
2026-07-17,2026-07-17T18:05:03,26960775,Sean Eberth,10350019,Premier,league,10350994-10350019,Inter,35,M,0,0,0
2026-07-17,2026-07-17T18:05:03,10966245,Tim Eberth,10350019,Premier,league,10350994-10350019,Inter,15,D,0,0,0
2026-07-17,2026-07-17T18:05:03,10966246,Zack Griffey,10350019,Premier,league,10350994-10350019,Inter,24,D,0,0,0
2026-07-17,2026-07-17T18:05:03,10966247,Brian Higgins,10350019,Premier,league,10350994-10350019,Inter,23,M,0,0,0
2026-07-17,2026-07-17T18:05:03,10966248,Sean Lazarus,10350019,Premier,league,10350994-10350019,Inter,4,D,0,0,0
2026-07-17,2026-07-17T18:05:03,12607012,Vinni Mancino,10350019,Premier,league,10350994-10350019,Inter,18,M,0,0,0
2026-07-17,2026-07-17T18:05:03,10966250,Tim Mc Carthy,10350019,Premier,league,10350994-10350019,Inter,11,M,0,0,0
2026-07-17,2026-07-17T18:05:03,10966251,Kyle Mc Donough,10350019,Premier,league,10350994-10350019,Inter,7,M,0,0,0
2026-07-17,2026-07-17T18:05:03,12607014,Dan Newman,10350019,Premier,league,10350994-10350019,Inter,21,D,0,0,0
2026-07-17,2026-07-17T18:05:03,10966253,Chris Palmer,10350019,Premier,league,10350994-10350019,Inter,25,M,0,0,0
2026-07-17,2026-07-17T18:05:03,10966254,Nate Mc Donough,10350019,Premier,league,10350994-10350019,Inter,27,M,0,0,0
2026-07-17,2026-07-17T18:05:03,10966255,Alex Razzolini,10350019,Premier,league,10350994-10350019,Inter,9,F,0,0,0
2026-07-17,2026-07-17T18:05:03,10966256,Adam Symczak,10350019,Premier,league,10350994-10350019,Inter,1,GK,0,0,0
2026-07-17,2026-07-17T18:05:03,12607013,Dave Ortiz,10350019,Premier,league,10350994-10350019,Inter,16,M,0,0,0
2026-07-17,2026-07-17T18:05:03,10966258,Josh Hall,10350019,Premier,league,10350994-10350019,Inter,10,F,0,0,0
2026-07-17,2026-07-17T18:05:03,10966259,Eric Steinmetz,10350019,Premier,league,10350994-10350019,Inter,26,M,0,0,0
2026-07-17,2026-07-17T18:05:03,10966260,Jason Steinmetz,10350019,Premier,league,10350994-10350019,Inter,2,D,0,0,0
2026-07-17,2026-07-17T18:05:03,10966261,Russ Zdarsky,10350019,Premier,league,10350994-10350019,Inter,29,D,0,0,0
2026-07-17,2026-07-17T18:05:03,13613332,Mike Schermerhorn,10350019,Premier,league,10350997-10350019,Holland,10,D,0,0,0
2026-07-17,2026-07-17T18:05:03,10840028,Erick Hansen,10350019,Premier,league,10350997-10350019,Holland,5,,0,0,0
2026-07-17,2026-07-17T18:05:03,13613272,Jeff Au,10350019,Premier,league,10350997-10350019,Holland,1,,0,0,0
2026-07-17,2026-07-17T18:05:03,10840030,Colin Oliver,10350019,Premier,league,10350997-10350019,Holland,21,,0,0,0
2026-07-17,2026-07-17T18:05:03,10840031,Paul Johnson,10350019,Premier,league,10350997-10350019,Holland,3,,0,0,0
2026-07-17,2026-07-17T18:05:03,10840032,Kevin Rivera,10350019,Premier,league,10350997-10350019,Holland,11,,0,0,0
2026-07-17,2026-07-17T18:05:03,10840033,Derrek O'Brien,10350019,Premier,league,10350997-10350019,Holland,24,,0,0,0
2026-07-17,2026-07-17T18:05:03,10840034,Chris Richthammer,10350019,Premier,league,10350997-10350019,Holland,0,GK,0,0,0
2026-07-17,2026-07-17T18:05:03,10840035,Kyle Ernst,10350019,Premier,league,10350997-10350019,Holland,7,,0,0,0
2026-07-17,2026-07-17T18:05:03,10840036,Kasey Kling,10350019,Premier,league,10350997-10350019,Holland,16,,0,0,0
2026-07-17,2026-07-17T18:05:03,10840037,Steve Bartkowski,10350019,Premier,league,10350997-10350019,Holland,20,,0,0,0
2026-07-17,2026-07-17T18:05:03,10840038,Andy Schwert,10350019,Premier,league,10350997-10350019,Holland,9,,0,0,0
2026-07-17,2026-07-17T18:05:03,10840039,Justin Wainright,10350019,Premier,league,10350997-10350019,Holland,14,,0,0,0
2026-07-17,2026-07-17T18:05:03,10840040,Casey Sheehan,10350019,Premier,league,10350997-10350019,Holland,22,,0,0,0
2026-07-17,2026-07-17T18:05:03,10840041,Dave Ciepiela,10350019,Premier,league,10350997-10350019,Holland,33,,0,0,0
2026-07-17,2026-07-17T18:05:03,35699264,Cody Rouse,10350019,Premier,league,10350997-10350019,Holland,4,,0,0,0
2026-07-17,2026-07-17T18:05:03,10840043,Adam Groff,10350019,Premier,league,10350997-10350019,Holland,,,0,0,0
2026-07-17,2026-07-17T18:05:03,10840044,Steve Doermer,10350019,Premier,league,10350997-10350019,Holland,8,,0,0,0
2026-07-17,2026-07-17T18:05:03,10840045,Scott Jablonka,10350019,Premier,league,10350997-10350019,Holland,13,,0,0,0
2026-07-17,2026-07-17T18:05:03,10840046,James Quinn,10350019,Premier,league,10350997-10350019,Holland,00,GK,0,0,0
2026-07-17,2026-07-17T18:05:03,10840047,Jason Pickhardt,10350019,Premier,league,10350997-10350019,Holland,23,,0,0,0
2026-07-17,2026-07-17T18:05:03,10813836,Peter Marlette,10350944,Championship,league,10358999-10350944,Lakeside FC,11,M,1,0,12
2026-07-17,2026-07-17T18:05:03,10813837,Derek Carless,10350944,Championship,league,10358999-10350944,Lakeside FC,6,D,0,0,12
2026-07-17,2026-07-17T18:05:03,10813838,Dan Deacon,10350944,Championship,league,10358999-10350944,Lakeside FC,14,F,0,0,12
2026-07-17,2026-07-17T18:05:03,10813839,Steve English,10350944,Championship,league,10358999-10350944,Lakeside FC,8,F,8,0,12
2026-07-17,2026-07-17T18:05:03,10813840,Cullen Harwood,10350944,Championship,league,10358999-10350944,Lakeside FC,22,M,0,0,12
2026-07-17,2026-07-17T18:05:03,10813841,Sean Heidinger,10350944,Championship,league,10358999-10350944,Lakeside FC,19,M,0,0,12
2026-07-17,2026-07-17T18:05:03,10813842,Bo Gurney,10350944,Championship,league,10358999-10350944,Lakeside FC,1,GK,0,0,12
2026-07-17,2026-07-17T18:05:03,10813843,Will Gurney,10350944,Championship,league,10358999-10350944,Lakeside FC,4,M,0,0,12
2026-07-17,2026-07-17T18:05:03,10813844,Brendan Lachaal,10350944,Championship,league,10358999-10350944,Lakeside FC,13,M,4,0,12
2026-07-17,2026-07-17T18:05:03,10813845,Andrew Lepore,10350944,Championship,league,10358999-10350944,Lakeside FC,18,D,1,0,12
2026-07-17,2026-07-17T18:05:03,10813846,Andrew Lepore,10350944,Championship,league,10358999-10350944,Lakeside FC,7,F,14,0,12
2026-07-17,2026-07-17T18:05:03,10813847,Colin Morrissey,10350944,Championship,league,10358999-10350944,Lakeside FC,2,D,2,0,12
2026-07-17,2026-07-17T18:05:03,10813849,Evan Ortolani,10350944,Championship,league,10358999-10350944,Lakeside FC,12,GK,0,0,12
2026-07-17,2026-07-17T18:05:03,10813850,Peter Randaccio,10350944,Championship,league,10358999-10350944,Lakeside FC,16,D,0,0,12
2026-07-17,2026-07-17T18:05:03,10813851,Charlie Rockwell,10350944,Championship,league,10358999-10350944,Lakeside FC,17,D,1,0,12
2026-07-17,2026-07-17T18:05:03,10813852,Rocky Rockwell,10350944,Championship,league,10358999-10350944,Lakeside FC,3,D,0,0,12
2026-07-17,2026-07-17T18:05:03,10813853,Max Ruotsi,10350944,Championship,league,10358999-10350944,Lakeside FC,21,M,1,0,12
2026-07-17,2026-07-17T18:05:03,10813854,Steve Ruotsi,10350944,Championship,league,10358999-10350944,Lakeside FC,5,M,3,0,12
2026-07-17,2026-07-17T18:05:03,10813855,Kyle Westerholt,10350944,Championship,league,10358999-10350944,Lakeside FC,9,M,6,0,12
2026-07-17,2026-07-17T18:05:03,10813856,Drew Winkel,10350944,Championship,league,10358999-10350944,Lakeside FC,15,D,0,0,12
2026-07-17,2026-07-17T18:05:03,10813857,Matt Winkel,10350944,Championship,league,10358999-10350944,Lakeside FC,10,D,0,0,12
2026-07-17,2026-07-17T18:05:03,10863447,Brian Bartosik,10350944,Championship,league,10359008-10350944,Roos FC,14,M,0,0,0
2026-07-17,2026-07-17T18:05:03,11108469,Phil Barrett,10350944,Championship,league,10359008-10350944,Roos FC,10,F,0,0,0
2026-07-17,2026-07-17T18:05:03,11108805,Pat Johnson,10350944,Championship,league,10359008-10350944,Roos FC,9,F,0,0,0
2026-07-17,2026-07-17T18:05:03,11108880,Dan Pelgrin,10350944,Championship,league,10359008-10350944,Roos FC,21,M,0,0,0
2026-07-17,2026-07-17T18:05:03,59625841,Drew Maloney,10350944,Championship,league,10359008-10350944,Roos FC,17,F,0,0,0
2026-07-17,2026-07-17T18:05:03,11108952,Walter Donner,10350944,Championship,league,10359008-10350944,Roos FC,13,D,0,0,0
2026-07-17,2026-07-17T18:05:03,11108967,Nick Mann,10350944,Championship,league,10359008-10350944,Roos FC,6,D,0,0,0
2026-07-17,2026-07-17T18:05:03,11109011,Connor Reilly,10350944,Championship,league,10359008-10350944,Roos FC,22,D,0,0,0
2026-07-17,2026-07-17T18:05:03,11109044,Paul Schiappa,10350944,Championship,league,10359008-10350944,Roos FC,31,M,0,0,0
2026-07-17,2026-07-17T18:05:03,11109078,Garrett Schuler,10350944,Championship,league,10359008-10350944,Roos FC,3,F,0,0,0
2026-07-17,2026-07-17T18:05:03,11109085,Brian Seder,10350944,Championship,league,10359008-10350944,Roos FC,11,M,0,0,0
2026-07-17,2026-07-17T18:05:03,11109103,Greg Slabyk,10350944,Championship,league,10359008-10350944,Roos FC,00,GK,0,0,0
2026-07-17,2026-07-17T18:05:03,11109119,Dave Baldo,10350944,Championship,league,10359008-10350944,Roos FC,16,D,0,0,0
2026-07-17,2026-07-17T18:05:03,11109157,Jacobo Bruni,10350944,Championship,league,10359008-10350944,Roos FC,7,M,0,0,0
2026-07-17,2026-07-17T18:05:03,11109188,Shawn Case,10350944,Championship,league,10359008-10350944,Roos FC,15,D,0,0,0
2026-07-17,2026-07-17T18:05:03,11109196,Dennis Hurley,10350944,Championship,league,10359008-10350944,Roos FC,5,M,0,0,0
2026-07-17,2026-07-17T18:05:03,11109204,Richard Joslyn,10350944,Championship,league,10359008-10350944,Roos FC,18,D,0,0,0
2026-07-17,2026-07-17T18:05:03,11109258,Aaron Jones,10350944,Championship,league,10359008-10350944,Roos FC,19,M,0,0,0
2026-07-17,2026-07-17T18:05:03,11228577,Steve Kurpiewski,10350944,Championship,league,10359014-10350944,Grand Island,,D,0,0,0
2026-07-17,2026-07-17T18:05:03,11228578,Mike Gallo,10350944,Championship,league,10359014-10350944,Grand Island,,D,0,0,0
2026-07-17,2026-07-17T18:05:03,11228579,Doug Weinert,10350944,Championship,league,10359014-10350944,Grand Island,,F,0,0,0
2026-07-17,2026-07-17T18:05:03,15801447,David Sugg,10350944,Championship,league,10359014-10350944,Grand Island,,D,0,0,0
2026-07-17,2026-07-17T18:05:03,11228581,Matthew Greco,10350944,Championship,league,10359014-10350944,Grand Island,,F,0,0,0
2026-07-17,2026-07-17T18:05:03,11228582,Phillip Bonnevie,10350944,Championship,league,10359014-10350944,Grand Island,,D,0,0,0
2026-07-17,2026-07-17T18:05:03,11228583,Bob Roach,10350944,Championship,league,10359014-10350944,Grand Island,,F,0,0,0
2026-07-17,2026-07-17T18:05:03,11228584,John Siaby,10350944,Championship,league,10359014-10350944,Grand Island,,F,0,0,0
2026-07-17,2026-07-17T18:05:03,11228585,Mike Rundey,10350944,Championship,league,10359014-10350944,Grand Island,,F,0,0,0
2026-07-17,2026-07-17T18:05:03,11228586,Ryan Knoph,10350944,Championship,league,10359014-10350944,Grand Island,,D,0,0,0
2026-07-17,2026-07-17T18:05:03,11228587,Joe Pollucci,10350944,Championship,league,10359014-10350944,Grand Island,,D,0,0,0
2026-07-17,2026-07-17T18:05:03,11228588,Erik Billica,10350944,Championship,league,10359014-10350944,Grand Island,,F,0,0,0
2026-07-17,2026-07-17T18:05:03,11228589,Gildardo Arredondo,10350944,Championship,league,10359014-10350944,Grand Island,,F,0,0,0
2026-07-17,2026-07-17T18:05:03,11228590,Sean Quinn,10350944,Championship,league,10359014-10350944,Grand Island,,F,0,0,0
2026-07-17,2026-07-17T18:05:03,11228591,Justin Waddington,10350944,Championship,league,10359014-10350944,Grand Island,,GK,0,0,0
2026-07-17,2026-07-17T18:05:03,10942751,Thomas Cordaro,10350944,Championship,league,10359017-10350944,Celtic United,,,0,0,0
2026-07-17,2026-07-17T18:05:03,10942752,Dan Dell'Isola,10350944,Championship,league,10359017-10350944,Celtic United,,,0,0,0
2026-07-17,2026-07-17T18:05:03,10942763,Nicholas DeMarsh,10350944,Championship,league,10359017-10350944,Celtic United,,,0,0,0
2026-07-17,2026-07-17T18:05:03,10942764,Scott Ensminger,10350944,Championship,league,10359017-10350944,Celtic United,,,0,0,0
2026-07-17,2026-07-17T18:05:03,10942765,Michael Habberfield,10350944,Championship,league,10359017-10350944,Celtic United,,,0,0,0
2026-07-17,2026-07-17T18:05:03,10942766,Jim Higgins,10350944,Championship,league,10359017-10350944,Celtic United,,,0,0,0
2026-07-17,2026-07-17T18:05:03,26911094,John Kregg,10350944,Championship,league,10359017-10350944,Celtic United,,,0,0,0
2026-07-17,2026-07-17T18:05:03,10942768,Patrick Mullins,10350944,Championship,league,10359017-10350944,Celtic United,,,0,0,0
2026-07-17,2026-07-17T18:05:03,10942769,Nikos Ninos,10350944,Championship,league,10359017-10350944,Celtic United,,,0,0,0
2026-07-17,2026-07-17T18:05:03,10942770,John Opfer,10350944,Championship,league,10359017-10350944,Celtic United,,,0,0,0
2026-07-17,2026-07-17T18:05:03,59628600,Chris Pepper,10350944,Championship,league,10359017-10350944,Celtic United,,,0,0,0
2026-07-17,2026-07-17T18:05:03,10942772,John Rothenbueger,10350944,Championship,league,10359017-10350944,Celtic United,,,0,0,0
2026-07-17,2026-07-17T18:05:03,59625728,Chris Ruggiero,10350944,Championship,league,10359017-10350944,Celtic United,,,0,0,0
2026-07-17,2026-07-17T18:05:03,59625924,Stallion Schieber,10350944,Championship,league,10359017-10350944,Celtic United,,,0,0,0
2026-07-17,2026-07-17T18:05:03,10942775,Henry Schmidt,10350944,Championship,league,10359017-10350944,Celtic United,,,0,0,0
2026-07-17,2026-07-17T18:05:03,10942776,Michael Strangio,10350944,Championship,league,10359017-10350944,Celtic United,,,0,0,0
2026-07-17,2026-07-17T18:05:03,10942777,Toby Stupples,10350944,Championship,league,10359017-10350944,Celtic United,,,0,0,0
2026-07-17,2026-07-17T18:05:03,59625727,Chris Voigt,10350944,Championship,league,10359017-10350944,Celtic United,,,0,0,0
2026-07-17,2026-07-17T18:05:03,10942779,Matthew Voigt,10350944,Championship,league,10359017-10350944,Celtic United,,,0,0,0
2026-07-17,2026-07-17T18:05:03,10942780,Justin Wittcop,10350944,Championship,league,10359017-10350944,Celtic United,,,0,0,0
2026-07-17,2026-07-17T18:05:03,10942781,David Woods,10350944,Championship,league,10359017-10350944,Celtic United,,,0,0,0
2026-07-17,2026-07-17T18:05:03,10942782,Brandon Haas,10350944,Championship,league,10359017-10350944,Celtic United,,,0,0,0
2026-07-17,2026-07-17T18:05:03,11147665,Kevin Craver,10350944,Championship,league,10359020-10350944,Aurora,6,M,0,0,0
2026-07-17,2026-07-17T18:05:03,11147670,Chris Dayer,10350944,Championship,league,10359020-10350944,Aurora,29,M,0,0,0
2026-07-17,2026-07-17T18:05:03,11147671,Stu Domanowski,10350944,Championship,league,10359020-10350944,Aurora,21,D,0,0,0
2026-07-17,2026-07-17T18:05:03,39945985,Erik Dusel,10350944,Championship,league,10359020-10350944,Aurora,20,M,0,0,0
2026-07-17,2026-07-17T18:05:03,11147673,Nick Gagliardo,10350944,Championship,league,10359020-10350944,Aurora,10,D,0,0,0
2026-07-17,2026-07-17T18:05:03,11147674,Jesse Hamms,10350944,Championship,league,10359020-10350944,Aurora,7,F,0,0,0
2026-07-17,2026-07-17T18:05:03,11147675,Nate Hamms,10350944,Championship,league,10359020-10350944,Aurora,12,M,0,0,0
2026-07-17,2026-07-17T18:05:03,11147676,Andy Kaminski,10350944,Championship,league,10359020-10350944,Aurora,28,M,0,0,0
2026-07-17,2026-07-17T18:05:03,11147677,Zack Keller,10350944,Championship,league,10359020-10350944,Aurora,2,F,0,0,0
2026-07-17,2026-07-17T18:05:03,59634845,Brian Mariniello,10350944,Championship,league,10359020-10350944,Aurora,0,GK,0,0,0
2026-07-17,2026-07-17T18:05:03,11147679,Jason McMahon,10350944,Championship,league,10359020-10350944,Aurora,31,M,0,0,0
2026-07-17,2026-07-17T18:05:03,11147680,Brett Moldenhauer,10350944,Championship,league,10359020-10350944,Aurora,22,D,0,0,0
2026-07-17,2026-07-17T18:05:03,11147681,Justin Myers,10350944,Championship,league,10359020-10350944,Aurora,39,M,0,0,0
2026-07-17,2026-07-17T18:05:03,11147682,Ben Pergament,10350944,Championship,league,10359020-10350944,Aurora,34,D,0,0,0
2026-07-17,2026-07-17T18:05:03,11147683,Miles Schwarzenholzer,10350944,Championship,league,10359020-10350944,Aurora,13,F,0,0,0
2026-07-17,2026-07-17T18:05:03,11147684,Colin Shoemaker,10350944,Championship,league,10359020-10350944,Aurora,4,M,0,0,0
2026-07-17,2026-07-17T18:05:03,11147685,Justin Smyczynski,10350944,Championship,league,10359020-10350944,Aurora,8,D,0,0,0
2026-07-17,2026-07-17T18:05:03,11147686,Matt Smyczynski,10350944,Championship,league,10359020-10350944,Aurora,23,F,0,0,0
2026-07-17,2026-07-17T18:05:03,11147687,Jeff Soroka,10350944,Championship,league,10359020-10350944,Aurora,26,D,0,0,0
2026-07-17,2026-07-17T18:05:03,11147688,Doug Stoklosa,10350944,Championship,league,10359020-10350944,Aurora,14,M,0,0,0
2026-07-17,2026-07-17T18:05:03,11147689,Ryan Evans,10350944,Championship,league,10359020-10350944,Aurora,35,D,0,0,0
2026-07-17,2026-07-17T18:05:03,10829548,Shaun Conrad,10350944,Championship,league,10359032-10350944,Lakeshore,4,D,0,0,0
2026-07-17,2026-07-17T18:05:03,15868019,Benjamin Farley,10350944,Championship,league,10359032-10350944,Lakeshore,20,D,0,0,0
2026-07-17,2026-07-17T18:05:03,13613292,Thomas Farley,10350944,Championship,league,10359032-10350944,Lakeshore,13,D,0,0,0
2026-07-17,2026-07-17T18:05:03,10829551,Brandon Farrugia,10350944,Championship,league,10359032-10350944,Lakeshore,15,D,0,0,0
2026-07-17,2026-07-17T18:05:03,10829552,Cameron Farrugia,10350944,Championship,league,10359032-10350944,Lakeshore,5,D,0,0,0
2026-07-17,2026-07-17T18:05:03,10829553,Garett Farrugia,10350944,Championship,league,10359032-10350944,Lakeshore,2,D,0,0,0
2026-07-17,2026-07-17T18:05:03,10829554,Andrew Feldmann,10350944,Championship,league,10359032-10350944,Lakeshore,00,GK,0,0,0
2026-07-17,2026-07-17T18:05:03,10829555,Brent Garner,10350944,Championship,league,10359032-10350944,Lakeshore,17,F,0,0,0
2026-07-17,2026-07-17T18:05:03,10829556,Luke Hider,10350944,Championship,league,10359032-10350944,Lakeshore,6,M,0,0,0
2026-07-17,2026-07-17T18:05:03,10829557,Matthew Kiefer,10350944,Championship,league,10359032-10350944,Lakeshore,12,M,0,0,0
2026-07-17,2026-07-17T18:05:03,10829558,Rafal Malkowski,10350944,Championship,league,10359032-10350944,Lakeshore,16,M,0,0,0
2026-07-17,2026-07-17T18:05:03,10829559,Michael Miniszewski,10350944,Championship,league,10359032-10350944,Lakeshore,10,M,0,0,0
2026-07-17,2026-07-17T18:05:03,10829560,Jon Morris,10350944,Championship,league,10359032-10350944,Lakeshore,8,M,0,0,0
2026-07-17,2026-07-17T18:05:03,10829561,Robert Motz,10350944,Championship,league,10359032-10350944,Lakeshore,3,D,0,0,0
2026-07-17,2026-07-17T18:05:03,10829562,Daniel Nobrega,10350944,Championship,league,10359032-10350944,Lakeshore,7,F,0,0,0
2026-07-17,2026-07-17T18:05:03,10829563,Vincent Paternostro,10350944,Championship,league,10359032-10350944,Lakeshore,9,M,0,0,0
2026-07-17,2026-07-17T18:05:03,10829564,Shawn Ralston,10350944,Championship,league,10359032-10350944,Lakeshore,8,M,0,0,0
2026-07-17,2026-07-17T18:05:03,10829565,Mark Soemann,10350944,Championship,league,10359032-10350944,Lakeshore,11,D,0,0,0
2026-07-17,2026-07-17T18:05:03,10829566,Evan Williamson,10350944,Championship,league,10359032-10350944,Lakeshore,19,M,0,0,0
2026-07-17,2026-07-17T18:05:03,10797300,Curtis Dorian,10350944,Championship,league,10359035-10350944,Queenston FC,,,3,0,3
2026-07-17,2026-07-17T18:05:03,10797301,Josh Pacioni,10350944,Championship,league,10359035-10350944,Queenston FC,,,0,0,0
2026-07-17,2026-07-17T18:05:03,11700272,Justin Sims,10350944,Championship,league,10359035-10350944,Queenston FC,,,13,0,6
2026-07-17,2026-07-17T18:05:03,75455384,Luke Duncan,10350944,Championship,league,10359035-10350944,Queenston FC,,,2,0,2
2026-07-17,2026-07-17T18:05:03,15921778,Matt Profeta,10350944,Championship,league,10359035-10350944,Queenston FC,,,0,0,0
2026-07-17,2026-07-17T18:05:03,15921792,Alex Quincy,10350944,Championship,league,10359035-10350944,Queenston FC,,,0,0,0
2026-07-17,2026-07-17T18:05:03,15921791,Zane Tester,10350944,Championship,league,10359035-10350944,Queenston FC,,,0,0,0
2026-07-17,2026-07-17T18:05:03,15921775,Derek Hornung,10350944,Championship,league,10359035-10350944,Queenston FC,,,1,0,1
2026-07-17,2026-07-17T18:05:03,36085385,Dave Brodie,10350944,Championship,league,10359035-10350944,Queenston FC,,,0,0,0
2026-07-17,2026-07-17T18:05:03,15921776,James Harbison,10350944,Championship,league,10359035-10350944,Queenston FC,,,0,0,0
2026-07-17,2026-07-17T18:05:03,15921777,Steve Pusateri,10350944,Championship,league,10359035-10350944,Queenston FC,,,1,0,1
2026-07-17,2026-07-17T18:05:03,15921780,Rick Stepien,10350944,Championship,league,10359035-10350944,Queenston FC,,,0,0,0
2026-07-17,2026-07-17T18:05:03,46196890,John Falleson,10350944,Championship,league,10359035-10350944,Queenston FC,,,1,0,1
2026-07-17,2026-07-17T18:05:03,15921781,Zach Eoute,10350944,Championship,league,10359035-10350944,Queenston FC,,,1,0,1
2026-07-17,2026-07-17T18:05:03,83716836,Edo Fioramonte,10350944,Championship,league,10359035-10350944,Queenston FC,,D,0,0,0
2026-07-17,2026-07-17T18:05:03,83716842,DJ Sims,10350944,Championship,league,10359035-10350944,Queenston FC,,,0,0,0
2026-07-17,2026-07-17T18:05:03,83716852,Andrew Johnson,10350944,Championship,league,10359035-10350944,Queenston FC,,,0,0,0
2026-07-17,2026-07-17T18:05:03,83716884,Christopher Calarco,10350944,Championship,league,10359035-10350944,Queenston FC,,,0,0,0
2026-07-17,2026-07-17T18:05:03,83716895,Jake Krupp,10350944,Championship,league,10359035-10350944,Queenston FC,,,0,0,0
2026-07-17,2026-07-17T18:05:03,83716901,Joe McGreevy,10350944,Championship,league,10359035-10350944,Queenston FC,,,0,0,0
2026-07-17,2026-07-17T18:05:03,10800302,Thomas Nicholas,10350963,1st Division,league,10359062-10350963,Tonawanda United,,,0,0,0
2026-07-17,2026-07-17T18:05:03,10981637,Bill Shaflucas,10350963,1st Division,league,10359068-10350963,Great Lakes FC,21,F,0,0,0
2026-07-17,2026-07-17T18:05:03,10981638,Hildo Shaflucas,10350963,1st Division,league,10359068-10350963,Great Lakes FC,12,M,0,0,0
2026-07-17,2026-07-17T18:05:03,10981639,Timbo Byron,10350963,1st Division,league,10359068-10350963,Great Lakes FC,17,D,0,0,0
2026-07-17,2026-07-17T18:05:03,10981640,Mark Keller,10350963,1st Division,league,10359068-10350963,Great Lakes FC,14,M,0,0,0
2026-07-17,2026-07-17T18:05:03,10981641,Peter Schilke,10350963,1st Division,league,10359068-10350963,Great Lakes FC,2,D,0,0,0
2026-07-17,2026-07-17T18:05:03,10981642,Scott Keller,10350963,1st Division,league,10359068-10350963,Great Lakes FC,1,M,0,0,0
2026-07-17,2026-07-17T18:05:03,10981643,Jeff Rowe,10350963,1st Division,league,10359068-10350963,Great Lakes FC,9,M,0,0,0
2026-07-17,2026-07-17T18:05:03,10981644,Snake Davis,10350963,1st Division,league,10359068-10350963,Great Lakes FC,4,F,0,0,0
2026-07-17,2026-07-17T18:05:03,10981645,Danko Knezevic,10350963,1st Division,league,10359068-10350963,Great Lakes FC,77,F,0,0,0
2026-07-17,2026-07-17T18:05:03,10981646,Z Zinaja,10350963,1st Division,league,10359068-10350963,Great Lakes FC,10,F,0,0,0
2026-07-17,2026-07-17T18:05:03,10981647,Myron Glick,10350963,1st Division,league,10359068-10350963,Great Lakes FC,23,M,0,0,0
2026-07-17,2026-07-17T18:05:03,10981648,Mike Pickering,10350963,1st Division,league,10359068-10350963,Great Lakes FC,31,D,0,0,0
2026-07-17,2026-07-17T18:05:03,10981649,Matt Delaney,10350963,1st Division,league,10359068-10350963,Great Lakes FC,92,M,0,0,0
2026-07-17,2026-07-17T18:05:03,10981650,Twins Kim,10350963,1st Division,league,10359068-10350963,Great Lakes FC,28,D,0,0,0
2026-07-17,2026-07-17T18:05:03,10981651,Lee Tran,10350963,1st Division,league,10359068-10350963,Great Lakes FC,G,GK,0,0,0
2026-07-17,2026-07-17T18:05:03,10981652,Mike Savidge,10350963,1st Division,league,10359068-10350963,Great Lakes FC,79,D,0,0,0
2026-07-17,2026-07-17T18:05:03,10981653,Vaner Kraft,10350963,1st Division,league,10359068-10350963,Great Lakes FC,44,M,0,0,0
2026-07-17,2026-07-17T18:05:03,10981654,Mike Jackson,10350963,1st Division,league,10359068-10350963,Great Lakes FC,5,M,0,0,0
2026-07-17,2026-07-17T18:05:03,10981655,Billy Schregel,10350963,1st Division,league,10359068-10350963,Great Lakes FC,22,M,0,0,0
2026-07-17,2026-07-17T18:05:03,10981656,Mike Chieffo,10350963,1st Division,league,10359068-10350963,Great Lakes FC,24,D,0,0,0
2026-07-17,2026-07-17T18:05:03,10981657,Justin Brady,10350963,1st Division,league,10359068-10350963,Great Lakes FC,98,D,0,0,0
2026-07-17,2026-07-17T18:05:03,10981658,Dragan Drca,10350963,1st Division,league,10359068-10350963,Great Lakes FC,30,M,0,0,0
2026-07-17,2026-07-17T18:05:03,10838149,Jeff DeGlopper,10350963,1st Division,league,10359071-10350963,Baker City FC,2,D,0,0,0
2026-07-17,2026-07-17T18:05:03,10838150,Ray Siminski,10350963,1st Division,league,10359071-10350963,Baker City FC,3,M,0,0,0
2026-07-17,2026-07-17T18:05:03,10838151,Rich Wieand,10350963,1st Division,league,10359071-10350963,Baker City FC,4,GK,0,0,0
2026-07-17,2026-07-17T18:05:03,10838152,Eric Holler,10350963,1st Division,league,10359071-10350963,Baker City FC,5,D,0,0,0
2026-07-17,2026-07-17T18:05:03,10838153,Justin Webster,10350963,1st Division,league,10359071-10350963,Baker City FC,6,D,0,0,0
2026-07-17,2026-07-17T18:05:03,10838154,Nick Mendola,10350963,1st Division,league,10359071-10350963,Baker City FC,7,M,0,0,0
2026-07-17,2026-07-17T18:05:03,10838155,Erik Roesser,10350963,1st Division,league,10359071-10350963,Baker City FC,8,M,0,0,0
2026-07-17,2026-07-17T18:05:03,10838156,Miguel Colon,10350963,1st Division,league,10359071-10350963,Baker City FC,9,F,0,0,0
2026-07-17,2026-07-17T18:05:03,59625747,Scott Frauenhofer,10350963,1st Division,league,10359071-10350963,Baker City FC,10,D,0,0,0
2026-07-17,2026-07-17T18:05:03,10838158,Casey Tuohey,10350963,1st Division,league,10359071-10350963,Baker City FC,11,M,0,0,0
2026-07-17,2026-07-17T18:05:03,10838159,Mark Ludwiczak,10350963,1st Division,league,10359071-10350963,Baker City FC,12,D,0,0,0
2026-07-17,2026-07-17T18:05:03,10838160,Kirk McLean,10350963,1st Division,league,10359071-10350963,Baker City FC,13,D,0,0,0
2026-07-17,2026-07-17T18:05:03,10838161,Scott Wilson,10350963,1st Division,league,10359071-10350963,Baker City FC,14,D,0,0,0
2026-07-17,2026-07-17T18:05:03,10838162,Jon Cocca,10350963,1st Division,league,10359071-10350963,Baker City FC,15,F,0,0,0
2026-07-17,2026-07-17T18:05:03,10838163,Mark Fuller,10350963,1st Division,league,10359071-10350963,Baker City FC,16,M,0,0,0
2026-07-17,2026-07-17T18:05:03,10838164,Jose Perez,10350963,1st Division,league,10359071-10350963,Baker City FC,17,F,0,0,0
2026-07-17,2026-07-17T18:05:03,10838165,Al Derrico,10350963,1st Division,league,10359071-10350963,Baker City FC,18,M,0,0,0
2026-07-17,2026-07-17T18:05:03,10838166,Matty Pagano,10350963,1st Division,league,10359071-10350963,Baker City FC,19,GK,0,0,0
2026-07-17,2026-07-17T18:05:03,10838167,Andy Morris,10350963,1st Division,league,10359071-10350963,Baker City FC,21,M,0,0,0
2026-07-17,2026-07-17T18:05:03,10838168,Grant Graves,10350963,1st Division,league,10359071-10350963,Baker City FC,23,M,0,0,0
2026-07-17,2026-07-17T18:05:03,10838230,Ryan McLean,10350963,1st Division,league,10359071-10350963,Baker City FC,25,M,0,0,0
2026-07-17,2026-07-17T18:05:03,10838231,Matt Logue,10350963,1st Division,league,10359071-10350963,Baker City FC,26,F,0,0,0
2026-07-17,2026-07-17T18:05:03,10819982,Nathan Griffiths,10350963,1st Division,league,10359074-10350963,Lykan FC,1,D,0,0,0
2026-07-17,2026-07-17T18:05:03,10819983,Rick Couell,10350963,1st Division,league,10359074-10350963,Lykan FC,2,D,1,0,1
2026-07-17,2026-07-17T18:05:03,10819984,Eric Russell,10350963,1st Division,league,10359074-10350963,Lykan FC,4,M,0,0,0
2026-07-17,2026-07-17T18:05:03,10819985,Daniel Russell,10350963,1st Division,league,10359074-10350963,Lykan FC,5,F,3,3,3
2026-07-17,2026-07-17T18:05:03,91329322,Tim Jordan,10350963,1st Division,league,10359074-10350963,Lykan FC,7,M,3,2,2
2026-07-17,2026-07-17T18:05:03,10819987,Pat Kane,10350963,1st Division,league,10359074-10350963,Lykan FC,8,D,0,1,1
2026-07-17,2026-07-17T18:05:03,10819989,Ryan Schamber,10350963,1st Division,league,10359074-10350963,Lykan FC,9,M,2,2,3
2026-07-17,2026-07-17T18:05:03,112967919,Ryan Couell,10350963,1st Division,league,10359074-10350963,Lykan FC,12,F,0,1,1
2026-07-17,2026-07-17T18:05:03,10819992,Christopher Griffiths,10350963,1st Division,league,10359074-10350963,Lykan FC,13,M,2,2,2
2026-07-17,2026-07-17T18:05:03,10822235,Jason Morgan,10350963,1st Division,league,10359074-10350963,Lykan FC,10,M,0,1,1
2026-07-17,2026-07-17T18:05:03,10822267,Greg Blette,10350963,1st Division,league,10359074-10350963,Lykan FC,6,M,3,1,2
2026-07-17,2026-07-17T18:05:03,10822268,Kirk Love,10350963,1st Division,league,10359074-10350963,Lykan FC,11,F,4,0,3
2026-07-17,2026-07-17T18:05:03,13299271,Jonathan Carter,10350963,1st Division,league,10359074-10350963,Lykan FC,14,F,1,1,2
2026-07-17,2026-07-17T18:05:03,10822270,Kameron Wittmeyer,10350963,1st Division,league,10359074-10350963,Lykan FC,15,M,0,0,0
2026-07-17,2026-07-17T18:05:03,10822271,Steve Shanley,10350963,1st Division,league,10359074-10350963,Lykan FC,16,F,6,1,4
2026-07-17,2026-07-17T18:05:03,10822272,Chris Bednasz,10350963,1st Division,league,10359074-10350963,Lykan FC,18,M,0,1,1
2026-07-17,2026-07-17T18:05:03,10822273,Will Blette,10350963,1st Division,league,10359074-10350963,Lykan FC,22,M,0,0,0
2026-07-17,2026-07-17T18:05:03,10822274,Mike Cardamone,10350963,1st Division,league,10359074-10350963,Lykan FC,23,D,2,1,3
2026-07-17,2026-07-17T18:05:03,10822325,Jason Kuczmanski,10350963,1st Division,league,10359074-10350963,Lykan FC,00,GK,0,0,0
2026-07-17,2026-07-17T18:05:03,10893217,Aaron Allen,10350963,1st Division,league,10359080-10350963,Eclipse,10,D,0,0,0
2026-07-17,2026-07-17T18:05:03,10893613,Craig Bieniek,10350963,1st Division,league,10359080-10350963,Eclipse,24,D,0,0,0
2026-07-17,2026-07-17T18:05:03,10893615,(unknown),10350963,1st Division,league,10359080-10350963,Eclipse,,M,0,0,0
2026-07-17,2026-07-17T18:05:03,10893616,Dennis Demblewski,10350963,1st Division,league,10359080-10350963,Eclipse,2,M,0,0,0
2026-07-17,2026-07-17T18:05:03,10893618,CJ Fix,10350963,1st Division,league,10359080-10350963,Eclipse,4,F,0,0,0
2026-07-17,2026-07-17T18:05:03,10893619,Matt Frank,10350963,1st Division,league,10359080-10350963,Eclipse,,M,0,0,0
2026-07-17,2026-07-17T18:05:03,10893620,John Henderson,10350963,1st Division,league,10359080-10350963,Eclipse,15,M,0,0,0
2026-07-17,2026-07-17T18:05:03,10893621,Dave Hoppe,10350963,1st Division,league,10359080-10350963,Eclipse,1,D,0,0,0
2026-07-17,2026-07-17T18:05:03,10893622,Shane Huston,10350963,1st Division,league,10359080-10350963,Eclipse,9,F,0,0,0
2026-07-17,2026-07-17T18:05:03,91329386,Jeff Long,10350963,1st Division,league,10359080-10350963,Eclipse,19,D,0,0,0
2026-07-17,2026-07-17T18:05:03,10893624,Mike Long,10350963,1st Division,league,10359080-10350963,Eclipse,7,D,0,0,0
2026-07-17,2026-07-17T18:05:03,10893625,Joe Mitrovits,10350963,1st Division,league,10359080-10350963,Eclipse,6,M,0,0,0
2026-07-17,2026-07-17T18:05:03,10893626,Wes Moore,10350963,1st Division,league,10359080-10350963,Eclipse,0,GK,0,0,0
2026-07-17,2026-07-17T18:05:03,10893627,Jeff Morris,10350963,1st Division,league,10359080-10350963,Eclipse,17,F,0,0,0
2026-07-17,2026-07-17T18:05:03,10893628,Eric Naish,10350963,1st Division,league,10359080-10350963,Eclipse,20,F,0,0,0
2026-07-17,2026-07-17T18:05:03,10893629,Bob Palgutt,10350963,1st Division,league,10359080-10350963,Eclipse,3,M,0,0,0
2026-07-17,2026-07-17T18:05:03,10893630,Mike Petri,10350963,1st Division,league,10359080-10350963,Eclipse,8,M,0,0,0
2026-07-17,2026-07-17T18:05:03,10893631,T O,10350963,1st Division,league,10359080-10350963,Eclipse,16,D,0,0,0
2026-07-17,2026-07-17T18:05:03,10893632,Troy Scheeda,10350963,1st Division,league,10359080-10350963,Eclipse,13,M,0,0,0
2026-07-17,2026-07-17T18:05:03,10893633,Travis Stahl,10350963,1st Division,league,10359080-10350963,Eclipse,12,M,0,0,0
2026-07-17,2026-07-17T18:05:03,10893634,Tom Zygmunt,10350963,1st Division,league,10359080-10350963,Eclipse,21,M,0,0,0
2026-07-17,2026-07-17T18:05:03,10861253,Scott Airey,10350963,1st Division,league,10359089-10350963,Lancaster/Alden,,,0,0,0
2026-07-17,2026-07-17T18:05:03,10861254,Chris Kelchlin,10350963,1st Division,league,10359089-10350963,Lancaster/Alden,,,0,0,0
2026-07-17,2026-07-17T18:05:03,10861255,John Piaggione,10350963,1st Division,league,10359089-10350963,Lancaster/Alden,,,0,0,0
2026-07-17,2026-07-17T18:05:03,15874713,Tyler Cominsky,10350963,1st Division,league,10359089-10350963,Lancaster/Alden,,,0,0,0
2026-07-17,2026-07-17T18:05:03,10861257,Lee Ferenc,10350963,1st Division,league,10359089-10350963,Lancaster/Alden,,,0,0,0
2026-07-17,2026-07-17T18:05:03,10861258,Matt Martin,10350963,1st Division,league,10359089-10350963,Lancaster/Alden,,,0,0,0
2026-07-17,2026-07-17T18:05:03,10861259,Al Turton,10350963,1st Division,league,10359089-10350963,Lancaster/Alden,,,0,0,0
2026-07-17,2026-07-17T18:05:03,10861260,Andy Wolf,10350963,1st Division,league,10359089-10350963,Lancaster/Alden,,,0,0,0
2026-07-17,2026-07-17T18:05:03,10861261,Aarron Williamson,10350963,1st Division,league,10359089-10350963,Lancaster/Alden,,,0,0,0
2026-07-17,2026-07-17T18:05:03,10861262,Curt Hoffman,10350963,1st Division,league,10359089-10350963,Lancaster/Alden,,,0,0,0
2026-07-17,2026-07-17T18:05:03,10861263,John Tryka,10350963,1st Division,league,10359089-10350963,Lancaster/Alden,,,0,0,0
2026-07-17,2026-07-17T18:05:03,10861264,Jeff Mejka,10350963,1st Division,league,10359089-10350963,Lancaster/Alden,,,0,0,0
2026-07-17,2026-07-17T18:05:03,10861265,Josh Meyers,10350963,1st Division,league,10359089-10350963,Lancaster/Alden,,,0,0,0
2026-07-17,2026-07-17T18:05:03,10861266,Shawn Coppola,10350963,1st Division,league,10359089-10350963,Lancaster/Alden,,,0,0,0
2026-07-17,2026-07-17T18:05:03,10861267,Luke Hammond,10350963,1st Division,league,10359089-10350963,Lancaster/Alden,,,0,0,0
2026-07-17,2026-07-17T18:05:03,10861268,Brandon Smith,10350963,1st Division,league,10359089-10350963,Lancaster/Alden,,,0,0,0
2026-07-17,2026-07-17T18:05:03,15875340,Sean Durfee,10350963,1st Division,league,10359089-10350963,Lancaster/Alden,,,0,0,0
2026-07-17,2026-07-17T18:05:03,15875290,Brian Durfee,10350963,1st Division,league,10359089-10350963,Lancaster/Alden,,,0,0,0
2026-07-17,2026-07-17T18:05:03,10861271,Frank Polak,10350963,1st Division,league,10359089-10350963,Lancaster/Alden,,,0,0,0
2026-07-17,2026-07-17T18:05:03,10861272,Paul Young,10350963,1st Division,league,10359089-10350963,Lancaster/Alden,,,0,0,0
2026-07-17,2026-07-17T18:05:03,10861273,Brian Turton,10350963,1st Division,league,10359089-10350963,Lancaster/Alden,,,0,0,0
2026-07-17,2026-07-17T18:05:03,15831541,Kamol Akhmedov,10350963,1st Division,league,10359092-10350963,Ukraine,19,D,0,0,0
2026-07-17,2026-07-17T18:05:03,15831542,Oleh Bulchak,10350963,1st Division,league,10359092-10350963,Ukraine,5,M,0,0,0
2026-07-17,2026-07-17T18:05:03,15831543,Khalil Chakhoev,10350963,1st Division,league,10359092-10350963,Ukraine,20,F,0,0,0
2026-07-17,2026-07-17T18:05:03,10826949,Wasyl Darmograi,10350963,1st Division,league,10359092-10350963,Ukraine,9,D,0,0,0
2026-07-17,2026-07-17T18:05:03,10826950,Sergey Denisov,10350963,1st Division,league,10359092-10350963,Ukraine,3,D,0,0,0
2026-07-17,2026-07-17T18:05:03,10826951,Vasyl Deputat,10350963,1st Division,league,10359092-10350963,Ukraine,13,F,0,0,0
2026-07-17,2026-07-17T18:05:03,10826952,Yuri Deputat,10350963,1st Division,league,10359092-10350963,Ukraine,11,F,0,0,0
2026-07-17,2026-07-17T18:05:03,10826953,Vaid Karazhaev,10350963,1st Division,league,10359092-10350963,Ukraine,1,GK,0,0,0
2026-07-17,2026-07-17T18:05:03,10826954,Oleg Khodak,10350963,1st Division,league,10359092-10350963,Ukraine,14,M,0,0,0
2026-07-17,2026-07-17T18:05:03,10826956,Eyub Musaev,10350963,1st Division,league,10359092-10350963,Ukraine,2,D,0,0,0
2026-07-17,2026-07-17T18:05:03,10826957,Tymish Ogulchansky,10350963,1st Division,league,10359092-10350963,Ukraine,8,M,0,0,0
2026-07-17,2026-07-17T18:05:03,10826958,Wasylko Serediuk,10350963,1st Division,league,10359092-10350963,Ukraine,22,M,0,0,0
2026-07-17,2026-07-17T18:05:03,10826959,Boris Shcherbakov,10350963,1st Division,league,10359092-10350963,Ukraine,4,M,0,0,0
2026-07-17,2026-07-17T18:05:03,10826960,James Startt,10350963,1st Division,league,10359092-10350963,Ukraine,16,M,0,0,0
2026-07-17,2026-07-17T18:05:03,10826961,Alex Tkalich,10350963,1st Division,league,10359092-10350963,Ukraine,10,F,0,0,0
2026-07-17,2026-07-17T18:05:03,10826962,Rob Tower,10350963,1st Division,league,10359092-10350963,Ukraine,6,M,0,0,0
2026-07-17,2026-07-17T18:05:03,10826963,Nathan Wass,10350963,1st Division,league,10359092-10350963,Ukraine,15,M,0,0,0
2026-07-17,2026-07-17T18:05:03,10826964,Nickolas Zieziula,10350963,1st Division,league,10359092-10350963,Ukraine,7,M,0,0,0
2026-07-17,2026-07-17T18:05:03,11006767,Richard Martin,10350963,1st Division,league,10359092-10350963,Ukraine,,M,0,0,0
2026-07-17,2026-07-17T18:05:03,11006836,Mikhail Zvonov,10350963,1st Division,league,10359092-10350963,Ukraine,,D,0,0,0
2026-07-17,2026-07-17T18:05:03,10802131,Erik Smith,10350968,2nd Division,league,10359102-10350968,WNY United,,,0,0,0
2026-07-17,2026-07-17T18:05:03,10801985,Jack Regan,10350968,2nd Division,league,10359120-10350968,NS Alliance,,F,0,0,0
2026-07-17,2026-07-17T18:05:03,12607000,Josh Krebs,10350968,2nd Division,league,10359120-10350968,NS Alliance,,D,0,0,0
2026-07-17,2026-07-17T18:05:03,12197341,Carl Conte,10350968,2nd Division,league,10359120-10350968,NS Alliance,4,D,0,0,0
